DATE,Volume,HM4UP,BAA,CSUSHPINSA,PCE,LREMTTTTUSM156S,DGORDER,TWEXBMTH,UNRATENSA,TCU,INDPRO,PPIACO,CPIAUCSL,HOUST,HSN1F,FEDFUNDS,USSLIND,TOTALSA,NEWORDER,UMCSENT,AMBNS,EXJPUS,EXKOUS,EXCHUS,T10Y2YM,XTEXVA01CNM667S,GACDFSA066MSFRBPHI,XTIMVA01KRM667S,KORPROINDMISMEI,KORCPIALLMINMEI,LRUNTTTTKRM156S,IR3TCD01KRM156N
2009-05-01,10956200,0,8.06,148.178,9748.9,59.6,150082,106.3212,9.1,66.9601,87.4155,170.8,213.022,540,376,0.18,-1.34,10.176,48777,68.7,1797.662,96.6445,1254.345,6.8235,2.36,91693975472,-22.4,23986456118,77.09242437,88.405,3.9,2.41
2009-06-01,10618400,1,7.5,149.804,9806.9,59.4,146586,104.9626,9.7,66.6872,87.0742,174.1,214.79,585,393,0.21,-0.81,10.149,50508,70.8,1701.768,96.6145,1259.2932,6.8334,2.54,93764532100,0.2,25779315038,80.13367781,88.327,3.9,2.41
2009-07-01,10723400,0,7.09,150.752,9841.7,59.3,155213,104.5704,9.7,67.4362,88.0323,172.5,214.726,594,411,0.16,-0.26,11.565,51053,66,1695.747,94.367,1259.6739,6.8317,2.54,97559948314,-6.6,27043202018,82.06883907,88.641,3.8,2.41
2009-08-01,10543400,1,6.58,150.67,9961,59.1,158266,103.3205,9.6,68.2344,89.019,175,215.445,586,418,0.16,-0.1,14.754,50126,65.7,1727.451,94.8971,1238.9952,6.8323,2.47,99894473207,8.8,28434692557,82.73689474,88.955,3.8,2.48
2009-09-01,7676200,0,6.31,149.629,9883.4,58.7,157059,102.5432,9.5,68.8187,89.6926,174.1,215.861,585,386,0.15,0.26,9.536,52991,73.5,1819.668,91.2748,1211.8643,6.8277,2.44,1.06742E+11,15.1,30038212147,86.14817901,89.034,3.6,2.64
2009-10-01,5595600,1,6.29,148.589,9931.9,58.5,163669,101.0834,9.5,69.1297,89.9797,175.2,216.509,534,396,0.12,0.12,10.576,52061,70.6,1964.315,90.3671,1173.7405,6.8267,2.44,1.09707E+11,12.7,30283009959,84.552046,88.798,3.5,2.79
2009-11-01,7338600,1,6.32,147.947,9940.5,58.6,160032,100.6049,9.4,69.5147,90.3375,177.4,217.234,588,375,0.12,0.41,11.04,52778,67.4,2046.347,89.2674,1162.8368,6.8271,2.6,1.10184E+11,15.4,29418956560,85.06808901,88.955,3.7,2.79
2009-12-01,9179800,0,6.37,146.676,9998.9,58.3,159766,101.0176,9.7,69.8537,90.6132,178.1,217.347,581,352,0.12,0.59,11.284,54427,72.5,2045.522,89.9509,1163.3109,6.8275,2.72,1.16695E+11,16.5,31362070881,86.22418535,89.269,3.6,2.82
2010-01-01,7208400,0,6.25,145.003,10001.8,58.5,182084,101.3292,10.6,70.8069,91.6642,181.9,217.488,614,345,0.11,0.48,10.893,52365,74.4,2018.743,91.1011,1138.1947,6.8269,2.8,1.14533E+11,12.9,31980614350,87.35427952,89.974,4.7,2.88
2010-02-01,9177000,1,6.34,143.056,10030.6,58.5,177621,102.7845,10.4,71.2129,91.994,181,217.281,604,336,0.13,0.69,10.315,53386,73.6,2141.174,90.1395,1155.6553,6.8285,2.83,1.30578E+11,13.9,34003620054,89.00541712,90.156,4.1,2.88
2010-03-01,9276800,0,6.27,143.596,10089.1,58.5,179916,101.9633,10.2,71.8411,92.5993,183.3,217.353,636,381,0.16,1,11.772,56130,73.6,2097.924,90.7161,1136.0822,6.8262,2.77,1.16421E+11,14.2,33718109515,90.15951329,90.338,3.7,2.83
2010-04-01,7554400,0,6.25,145.398,10112.9,58.7,186063,101.4563,9.5,72.2743,92.9436,184.4,217.403,687,422,0.2,1.06,11.454,52604,72.2,2037.644,93.4527,1115.4591,6.8256,2.79,1.20928E+11,16,34805621553,91.64063672,90.702,3.6,2.51
2010-05-01,6700800,1,6.05,147.031,10131,58.6,186327,104.2648,9.3,73.4956,94.2997,184.8,217.29,583,280,0.2,1.34,12.03,57162,73.6,2032.786,91.973,1164.841,6.8275,2.59,1.33903E+11,22.2,35936892623,92.57871489,90.793,3.2,2.45
2010-06-01,8028400,1,6.23,147.695,10151.4,58.5,187821,104.8328,9.6,73.7648,94.4397,183.5,217.199,536,305,0.18,1.39,11.598,59728,76,2021.411,90.8059,1214.1114,6.8184,2.48,1.34099E+11,14.9,35138172001,92.80373364,90.702,3.5,2.45
2010-07-01,7271800,0,6.01,147.552,10184.7,58.5,190184,103.2002,9.7,74.2356,94.8536,184.1,217.605,546,283,0.18,1.36,11.947,56453,67.8,2017.643,87.5005,1203.8095,6.7762,2.39,1.36146E+11,7.7,35352306962,93.4247854,90.884,3.7,2.58
2010-08-01,6299600,1,5.66,146.413,10228.2,58.6,191625,102.3998,9.5,74.5955,95.1448,184.9,217.923,599,282,0.19,0.86,12.014,58633,68.9,2013.93,85.3727,1179.5159,6.7873,2.18,1.32907E+11,3.6,36075419292,92.94874573,91.34,3.5,2.63
2010-09-01,7760200,0,5.66,144.597,10249,58.5,200257,101.3996,9.2,74.8797,95.3637,184.9,218.275,594,317,0.19,0.5,11.922,59839,68.2,1981.158,84.3571,1159.931,6.7396,2.17,1.34724E+11,4.5,35283502111,93.59979998,92.068,3.7,2.66
2010-10-01,7287000,1,5.72,143.126,10304.7,58.3,194567,98.7679,9,74.7737,95.1109,186.6,219.035,543,291,0.19,0.77,12.414,57751,67.7,1987.401,81.7285,1121.94,6.6678,2.16,1.37858E+11,0.3,37080037844,93.45078757,92.068,3.6,2.66
2010-11-01,8711800,1,5.92,141.823,10354.7,58.2,196177,99.0493,9.3,74.8673,95.1383,187.7,219.59,545,287,0.19,1.37,12.3,60426,71.6,1992.808,82.518,1129.623,6.6538,2.31,1.45402E+11,19.1,37807460481,94.2528544,91.613,3.3,2.73
2010-12-01,8110600,0,6.1,140.636,10392.1,58.3,194518,99.7051,9.1,75.644,96.0599,189.7,220.472,539,326,0.18,1.5,12.606,61858,74.5,2037.414,83.3376,1145.4833,6.6497,2.67,1.38353E+11,15.4,37977044016,95.75197933,91.977,3.7,2.8
2011-01-01,5079800,0,6.09,139.048,10435.5,58.3,203534,98.553,9.8,75.5769,95.9364,192.7,221.187,630,307,0.17,1.43,12.806,60696,74.2,2065.997,82.625,1118.8675,6.5964,2.78,1.5623E+11,16.5,42571753761,98.63621968,93.07,3.6,2.93
2011-02-01,6618600,1,6.15,137.744,10470.1,58.4,195611,97.8022,9.5,75.2522,95.5154,195.8,221.898,517,270,0.16,1.52,13.081,59049,77.5,2233.379,82.5368,1117.4368,6.5761,2.81,1.36814E+11,28.9,39872534732,95.579965,93.707,3.7,3.13
2011-03-01,7719600,1,6.03,137.792,10550.5,58.4,210937,96.8669,9.2,75.9846,96.4643,199.2,223.046,600,300,0.14,1.66,13.259,62057,67.5,2418.235,81.647,1119.2674,6.5645,2.71,1.57176E+11,36.4,43187660690,98.04017001,94.072,3.8,3.35
2011-04-01,6219800,0,6.02,139.154,10587.6,58.4,201546,95.2627,8.7,75.6763,96.1187,203.1,224.093,554,310,0.1,1.52,13.327,61957,69.8,2523.424,83.1771,1083.1762,6.5267,2.73,1.58814E+11,12.9,44258982211,96.80906742,94.163,3.5,3.4
2011-05-01,5473000,0,5.78,140.682,10612,58.3,205957,95.225,8.7,75.7913,96.3377,204.1,224.806,561,305,0.09,1.28,12.28,63863,74.3,2588.177,81.1257,1084.3619,6.4957,2.61,1.55541E+11,6.2,45685792069,97.73814485,94.345,3.3,3.46
2011-06-01,6595200,0,5.75,141.934,10636.8,58.2,201861,95.1999,9.3,75.932,96.6154,203.9,224.806,608,301,0.09,1.21,11.886,63492,71.5,2668.01,80.4259,1080.4523,6.4746,2.59,1.57481E+11,-0.5,44677136536,98.19318277,94.527,3.3,3.53
2011-07-01,9609800,0,5.76,142.33,10677.5,58.2,207547,94.5476,9.3,76.2397,97.1292,204.6,225.395,623,296,0.07,1.3,12.719,64870,63.7,2706.778,79.2425,1057.425,6.4575,2.59,1.66778E+11,7.1,45188032906,98.17018085,94.982,3.3,3.59
2011-08-01,7688800,0,5.36,141.773,10700.6,58.3,215526,95.0866,9.1,76.5547,97.6731,203.2,226.106,585,299,0.1,1.6,12.604,64663,55.8,2679.411,76.9657,1073.887,6.4036,2.07,1.6303E+11,-19.4,45404954171,97.9151596,95.62,3.2,3.59
2011-09-01,7332800,1,5.27,140.156,10738.1,58.4,207678,97.9271,8.8,76.4131,97.6494,203.7,226.597,650,304,0.08,1.35,13.356,65559,59.5,2656.543,76.7957,1121.9095,6.3885,1.77,1.58162E+11,-10.7,45639279909,98.70822569,95.529,3.3,3.58
2011-10-01,7830000,0,5.37,138.398,10753.1,58.4,208606,98.8305,8.5,76.8067,98.3222,201.1,226.75,610,316,0.07,1.53,13.731,67585,60.8,2663.548,76.643,1150.685,6.371,1.87,1.60119E+11,6.1,42797102538,99.15926327,95.347,3.2,3.58
2011-11-01,9119200,0,5.14,136.655,10759.5,58.6,217018,99.4638,8.2,76.6057,98.2433,201.4,227.169,711,328,0.08,1.78,13.742,65081,63.7,2625.315,77.5595,1133.4775,6.3564,1.76,1.64664E+11,4,42047294953,97.87715643,95.438,3.2,3.56
2011-12-01,8596400,1,5.25,135.158,10772.2,58.6,226369,100.4003,8.3,76.8861,98.7876,199.8,227.223,694,341,0.07,1.73,13.798,68520,69.9,2640.078,77.7967,1148.1262,6.3482,1.72,1.5866E+11,2.4,44076858649,96.32902742,95.802,3.2,3.55
2012-01-01,13202000,1,5.23,134.164,10862.1,58.4,224023,99.7781,8.8,77.2097,99.3925,200.7,227.842,723,335,0.08,1.92,14.395,67740,75,2659.039,76.964,1140.3275,6.3172,1.73,1.51758E+11,7.5,43173048282,99.14526211,96.184,3.3,3.55
2012-02-01,10434800,0,5.14,133.999,10953.5,58.5,226122,98.048,8.7,77.2402,99.6203,201.6,228.329,704,366,0.1,1.88,14.975,69729,75.3,2720.795,78.47,1122.69,6.2997,1.69,1.63537E+11,10.3,46397996821,101.4154513,96.549,3.4,3.53
2012-03-01,10648000,0,5.23,135.872,10951.8,58.5,220455,98.6425,8.4,76.7353,99.1551,204.2,228.807,695,354,0.13,1.9,14.594,69443,76.2,2673.317,82.4659,1126.17,6.3125,1.83,1.73575E+11,8.8,43650637798,98.91924327,96.576,3.3,3.54
2012-04-01,10022200,0,5.19,138.479,10979.7,58.4,218051,98.9607,7.7,77.1696,99.9006,203.7,229.187,753,354,0.14,1.77,14.77,67904,76.4,2665.101,81.2524,1135.0238,6.3043,1.76,1.66333E+11,5.7,44033930840,99.87632303,96.567,3.3,3.54
2012-05-01,7462400,1,5.07,141.055,10968.6,58.5,218474,100.6822,7.9,77.1784,100.0924,201.9,228.713,708,370,0.16,1.69,14.496,69087,79.3,2632.839,79.6668,1156.6914,6.3242,1.51,1.7592E+11,-0.8,43912243105,100.9824152,96.74,3.2,3.54
2012-06-01,8280400,0,5.02,143.173,10946.3,58.6,218603,102.1234,8.4,77.0278,100.0728,199.8,228.524,757,360,0.16,1.46,14.467,66981,73.2,2641.487,79.3152,1163.3886,6.3633,1.33,1.78188E+11,-12.5,42785123711,98.8452371,96.603,3.2,3.54
2012-07-01,9803200,1,4.87,144.283,10977.2,58.5,223677,101.641,8.6,77.0989,100.3354,200.1,228.59,740,369,0.16,1.43,14.38,65108,72.3,2672.63,78.9348,1142.2781,6.3717,1.28,1.6788E+11,-12.6,41895180309,98.08417368,96.385,3.1,3.34
2012-08-01,15066400,1,4.91,144.706,11004.1,58.4,203112,100.7607,8.2,76.6028,99.856,202.7,229.918,754,375,0.13,1.4,14.444,63671,74.3,2668.787,78.6909,1131.7457,6.3593,1.41,1.67666E+11,-2.5,41137097431,96.61305109,96.831,3.1,3.19
2012-09-01,10137000,0,4.84,144.361,11061.5,58.7,216283,99.1842,7.6,76.5147,99.9049,204.4,231.015,847,385,0.14,1.61,15.099,63851,78.3,2616.571,78.1353,1122.9911,6.32,1.46,1.79213E+11,0.2,44816599851,97.8311526,97.523,3.2,3.14
2012-10-01,9848600,0,4.58,143.974,11099.8,58.8,217712,98.8677,7.5,76.5534,100.1167,203.5,231.638,915,358,0.16,1.84,14.831,65817,82.6,2634.377,79.0132,1105.3823,6.2627,1.47,1.73076E+11,-1.3,41597640272,99.70130844,97.341,3.1,2.93
2012-11-01,7146600,0,4.51,143.969,11136.8,58.7,218940,99.5355,7.4,76.8008,100.5991,201.8,231.249,833,392,0.16,1.4,15.456,66737,82.7,2667.679,81.0305,1086.9525,6.2338,1.38,1.6834E+11,-10.5,42400682810,100.8904075,96.995,3.1,2.85
2012-12-01,10904400,0,4.63,143.875,11140.5,58.7,229511,98.9607,7.6,76.9541,100.9542,201.5,231.221,976,399,0.16,1.59,15.462,66397,72.9,2694.343,83.7905,1075.2225,6.2328,1.46,1.81387E+11,2.5,42649633097,100.5913826,97.168,3.1,2.88
2013-01-01,7307200,0,4.73,144.314,11202.8,58.6,218392,98.8749,8.5,76.7396,100.8204,202.5,231.679,888,446,0.14,1.67,15.813,69666,73.8,2760.986,89.0581,1066.5205,6.2215,1.64,1.83443E+11,-1.4,43965171193,101.831486,97.751,3.2,2.86
2013-02-01,6856000,0,4.85,145.158,11239.6,58.6,229342,99.6805,8.1,77.0716,101.3995,204.3,232.937,962,447,0.15,2,15.861,66186,77.6,2861.542,93.0016,1087.3084,6.2323,1.71,2.02285E+11,-5.5,44321112245,100.2153513,98.078,3.2,2.83
2013-03-01,7694400,0,4.85,147.959,11227.1,58.5,210493,100.5408,7.6,77.2816,101.8114,204,232.282,1010,444,0.14,1.78,15.724,65911,78.6,2961.377,94.77,1102.871,6.2154,1.7,1.96385E+11,2,43554913625,98.62021835,97.987,3.1,2.81
2013-04-01,6587000,0,4.59,150.974,11205.4,58.6,221382,100.1874,7.1,77.0537,101.6364,203.5,231.797,835,441,0.15,1.7,15.808,67245,76.4,3035.849,97.7582,1120.8977,6.1861,1.53,1.88091E+11,0.4,42784525986,99.59429952,97.851,3,2.8
2013-05-01,5605600,0,4.73,153.871,11244.6,58.6,230679,100.6193,7.3,77.0493,101.7476,204.1,231.893,930,428,0.11,1.66,15.884,69054,84.5,3136.493,100.9186,1111.4945,6.1416,1.68,1.7757E+11,0.3,41859504740,99.40328361,97.851,3.1,2.72
2013-06-01,7604000,0,5.19,156.443,11268.8,58.6,240657,101.4302,7.8,77.124,101.9549,204.3,232.445,839,470,0.09,1.55,16.148,68803,84.1,3218.136,97.235,1135.0085,6.1342,1.97,1.76677E+11,12.6,42407368941,99.04625385,97.732,3.1,2.69
2013-07-01,7040100,0,5.32,158.306,11296.7,58.7,214999,101.9848,7.7,76.7206,101.5204,204.4,232.9,880,375,0.09,1.53,16.021,65978,85.1,3314.256,99.6727,1125.03,6.1343,2.24,1.75083E+11,15.9,42360474051,98.37819818,97.942,3.2,2.68
2013-08-01,5085300,1,5.42,159.414,11329.2,58.7,222323,101.8657,7.3,77.1577,102.1907,204.2,233.456,917,381,0.08,1.67,15.827,65882,82.1,3418.306,97.8123,1115.9418,6.1213,2.38,1.81615E+11,8.4,42534856378,99.97133094,98.288,3.1,2.66
2013-09-01,5704900,0,5.47,159.69,11366.9,58.7,230374,101.6531,7,77.4882,102.717,203.9,233.544,850,403,0.08,1.75,15.857,66200,77.5,3508.905,99.21,1082.3115,6.1198,2.41,1.75972E+11,20.6,42295847594,98.36919743,98.479,3,2.66
2013-10-01,6103900,0,5.31,159.567,11419.8,58.3,225155,100.6329,7,77.2874,102.5371,202.5,233.669,925,444,0.09,1.4,15.729,64322,73.2,3610.435,97.77,1065.8573,6.1032,2.28,1.81445E+11,13.3,43721277911,101.2864405,98.179,3.1,2.66
2013-11-01,4603600,0,5.38,159.37,11487.6,58.6,238012,101.5247,6.6,77.4494,102.8379,201.2,234.1,1100,446,0.08,1.58,16.078,68263,75.1,3705.159,100.0737,1061.5637,6.0929,2.42,1.90211E+11,4.6,43053383848,100.5413784,98.16,3,2.65
2013-12-01,4815400,0,5.38,159.291,11517.9,58.7,230535,101.7099,6.5,77.6192,103.1504,202,234.719,1002,433,0.09,1.52,15.835,66857,82.5,3736.862,103.46,1055.6348,6.0738,2.56,1.8373E+11,3.9,42959960709,101.7334778,98.279,3.2,2.65
2014-01-01,4482200,0,5.19,159.39,11512.5,58.8,223000,102.6524,7,77.2295,102.7216,203.8,235.288,888,443,0.07,1.85,15.623,67962,81.2,3749.541,103.7614,1067.1267,6.0509,2.47,2.00001E+11,15.4,43432237881,102.4475373,98.807,3.3,2.65
2014-02-01,4720700,0,5.1,159.9,11566.2,58.7,230424,102.9102,7,77.8131,103.5917,205.7,235.547,944,420,0.07,1.44,15.942,67110,81.6,3851.917,102.1253,1071.3063,6.0816,2.38,1.69581E+11,1.8,46086890238,100.7563964,99.071,3.6,2.65
2014-03-01,4483900,0,5.06,161.218,11643,58.9,232316,102.8238,6.8,78.487,104.5889,207,236.028,970,405,0.08,1.52,17.029,68192,80,3909.651,102.3395,1070.491,6.1729,2.32,1.89338E+11,12.6,45127218761,101.7454788,99.253,3.4,2.65
2014-04-01,4285500,0,4.9,162.995,11702.6,58.9,235841,102.4311,5.9,78.4423,104.6371,208.3,236.468,1043,403,0.09,1.84,16.684,66236,84.1,3952.139,102.4582,1042.635,6.2246,2.29,1.90947E+11,16.9,44974270660,102.300525,99.317,3.6,2.65
2014-05-01,4602000,0,4.76,164.707,11748.4,58.9,231767,102.107,6.1,78.6377,105.0152,208,236.918,1007,451,0.09,1.91,17.128,65504,81.9,3929.115,101.7738,1024.7867,6.238,2.17,1.92444E+11,18.4,43015791430,98.98624885,99.481,3.6,2.65
2014-06-01,6982900,1,4.8,166.232,11817,59,235877,102.2573,6.3,78.8358,105.4081,208.3,237.231,911,418,0.1,2.01,17.505,69424,82.5,3965.744,102.0629,1018.7443,6.2306,2.15,1.86607E+11,14.2,43278427156,101.2624385,99.353,3.5,2.65
2014-07-01,6081500,0,4.73,167.152,11860.5,59,290623,102.015,6.5,78.8874,105.6157,208,237.498,1085,402,0.09,1.94,17.201,67521,81.8,4013.81,101.74,1021.0341,6.1984,2.03,2.00008E+11,21.5,44778771040,102.4455371,99.499,3.4,2.65
2014-08-01,6542100,0,4.69,167.467,11944.3,59,237140,102.9297,6.3,78.6908,105.4986,207,237.46,984,456,0.09,1.74,17.191,68353,82.5,4095.659,102.9438,1024.55,6.1541,1.95,1.99841E+11,23.2,44724802277,98.67222269,99.672,3.4,2.517
2014-09-01,7389300,0,4.8,167.261,11957.4,59.1,235558,104.4791,5.7,78.818,105.8138,206.4,237.477,1023,470,0.09,1.95,16.996,69215,84.6,4072.006,107.4257,1035.8914,6.1382,1.96,1.98199E+11,21.8,44533461868,98.8812401,99.608,3.4,2.35
2014-10-01,6001200,0,4.69,166.932,12023,59.3,231044,105.8242,5.5,78.7287,105.8357,203.4,237.43,1074,476,0.09,2.06,16.798,65372,86.9,4018.823,108.0264,1060.3359,6.1251,1.85,2.00226E+11,17.9,42265181875,98.49320777,99.308,3.6,2.21
2014-11-01,5525200,0,4.79,166.684,12051.4,59.2,227599,107.615,5.5,79.2428,106.6634,200.9,236.983,1001,442,0.09,1.77,17.012,64362,88.8,3851.254,116.2994,1097.8728,6.1249,1.8,1.99892E+11,35.6,42195056233,98.83223602,99.108,3.5,2.14
2014-12-01,6845600,0,4.74,166.494,12062,59.3,224958,110.2102,5.4,79.0322,106.5085,197,236.252,1073,497,0.12,2.04,17.19,65561,93.6,3953.015,119.3233,1102.6224,6.1886,1.57,1.9533E+11,21.7,41602386871,101.5364614,99.098,3.7,2.13
2015-01-01,5913300,0,4.45,166.293,12046,59.3,228061,112.5817,6.1,78.551,105.9806,192,234.718,1092,518,0.11,1.68,16.961,65854,98.1,4037.175,118.25,1088.13,6.2181,1.33,1.96106E+11,13.4,38975161950,97.90815901,99.77,3.6,2.13
2015-02-01,8511800,0,4.51,166.682,12082.4,59.2,219271,114.0313,5.8,78.0783,105.4425,191.1,235.236,888,544,0.11,1.69,16.81,64254,95.4,3849.09,118.76,1101.4605,6.2518,1.36,2.54502E+11,9.9,37262070866,100.1083424,99.71,3.6,2.12
2015-03-01,11582800,1,4.54,168.136,12158.3,59.2,228045,116.1148,5.6,77.7947,105.1464,191.5,236.005,962,480,0.11,1.72,17.862,64321,93,4064.785,120.3945,1112.9005,6.2386,1.4,1.62558E+11,7.4,37301352263,98.50820902,99.72,3.5,1.95
2015-04-01,7388600,0,4.48,170.006,12193.8,59.3,226242,114.9416,5.1,77.2778,104.5272,190.9,236.156,1191,501,0.12,1.77,17.614,63970,95.9,4075.81,119.5095,1084.6709,6.201,1.4,1.79836E+11,9.7,37124891064,99.70830903,99.75,3.6,1.81
2015-05-01,9174900,0,4.89,171.882,12268.1,59.4,217850,114.059,5.3,76.8939,104.0742,193.4,236.974,1081,500,0.12,1.94,18.018,62649,90.7,3955.722,120.798,1092.6365,6.2035,1.59,1.89744E+11,6,37197677053,97.60813401,100.03,3.8,1.8
2015-06-01,13372100,0,5.13,173.483,12308.3,59.3,229480,114.938,5.5,76.5911,103.7174,194.8,237.684,1199,480,0.13,1.75,17.843,63225,96.1,3946.095,123.7186,1112.8832,6.2052,1.67,1.88081E+11,8.2,36480387776,99.70830903,100.05,3.8,1.7
2015-07-01,8369000,0,5.2,174.53,12355.4,59.3,228826,116.9247,5.6,77.0087,104.3243,193.9,238.053,1138,499,0.13,1.9,18.227,63979,93.1,3994.394,123.3109,1146.5468,6.2085,1.65,1.83657E+11,4.6,37732999869,98.90824235,100.23,3.7,1.65
2015-08-01,10051700,0,5.19,174.978,12394,59.4,225666,119.1081,5.2,76.8645,104.1621,191.9,238.028,1132,521,0.14,1.83,18.37,63465,91.9,4001.923,123.0038,1178.1438,6.3383,1.47,1.88757E+11,6.5,36341833741,101.508459,100.37,3.5,1.64
2015-09-01,13186400,1,5.34,175.094,12392.8,59.2,220050,120.014,4.9,76.5609,103.7768,189.1,237.506,1215,458,0.14,1.81,18.29,63285,87.2,4049.583,120.1476,1184.33,6.3676,1.46,1.90555E+11,-3.7,34815297628,103.4086174,100.11,3.5,1.6
2015-10-01,8998800,0,5.34,175.107,12416.1,59.3,226171,118.9676,4.8,76.2641,103.3976,187.5,237.781,1062,481,0.12,1.63,18.274,63011,90,4076.198,120.0481,1143.199,6.3505,1.43,1.88724E+11,-5.2,36008564287,101.7084757,100.11,3.5,1.58
2015-11-01,9508000,0,5.46,175.209,12450.1,59.4,224077,120.7741,4.8,75.7226,102.6866,185.7,238.016,1169,505,0.12,1.58,18.391,62254,91.3,4029.394,122.6432,1153.4721,6.364,1.38,1.82461E+11,-3.8,33988994718,100.7083924,99.92,3.6,1.59
2015-12-01,7301400,0,5.46,175.185,12469.1,59.6,221066,121.9999,4.8,75.2731,102.1014,183.5,237.817,1157,545,0.24,1.66,17.485,59922,92.6,3869.438,121.635,1169.9464,6.4491,1.26,1.90418E+11,-9.2,33592575714,100.308359,100.22,3.5,1.67
2016-01-01,6189400,0,5.45,175.096,12482.2,59.7,226398,124.6274,5.3,75.8803,102.9525,182.6,237.833,1114,514,0.34,1.4,18.116,61849,92,3796.011,118.2258,1203.3179,6.5726,1.19,1.77208E+11,-3.5,31763054925,98.80823402,100.39,3.6,1.67
2016-02-01,7284100,0,5.34,175.331,12550.1,59.8,217882,123.6308,5.2,75.3187,102.2225,181.3,237.469,1208,518,0.38,1.69,17.922,60788,91.7,3891.058,114.6155,1216.2285,6.5501,1.05,1.89003E+11,-7.9,30024167401,100.608384,100.82,3.8,1.64
2016-03-01,7973500,0,5.13,176.646,12547.2,59.8,216926,121.1184,5.1,74.697,101.4155,182.1,238.038,1115,526,0.36,1.59,17.337,60517,91,3910.592,112.9317,1181.573,6.5027,1.01,1.77367E+11,9.5,31620413068,101.0084174,100.56,3.7,1.63
2016-04-01,9650600,0,4.79,178.537,12646.1,59.7,225797,119.1667,4.7,74.7409,101.5167,183.2,238.827,1160,564,0.37,1.59,17.691,60503,89,3899.466,109.5519,1145.7967,6.4754,1.04,1.78176E+11,-1.6,32470308639,99.80831736,100.75,3.6,1.61
2016-05-01,9815300,0,4.68,180.392,12698.4,59.7,220851,120.4312,4.5,74.6427,101.4298,185.3,239.464,1131,556,0.37,1.44,17.713,59218,94.7,3855.24,108.8481,1173.7905,6.5259,0.99,1.77899E+11,-5.1,33353294511,102.8085674,100.81,3.7,1.58
2016-06-01,8068000,0,4.53,181.981,12775.1,59.6,208990,120.8707,5.1,74.9324,101.8747,187.6,240.167,1191,563,0.38,1.47,17.727,59724,93.5,3841.284,105.3509,1165.2023,6.5892,0.91,1.75193E+11,4.2,33780277245,102.9085757,100.79,3.6,1.43
2016-07-01,7805400,0,4.22,183.102,12790.1,59.7,216738,121.6998,5.1,75.0813,102.1325,187.7,240.15,1232,631,0.39,1.53,18.033,60456,90,3793.399,104.191,1140.865,6.6771,0.83,1.77683E+11,1.6,34045746923,102.3085257,100.6,3.6,1.36
2016-08-01,8851700,0,4.24,183.753,12841.8,59.8,220654,120.5713,5,74.9718,102.0407,186.6,240.602,1159,586,0.4,1.56,17.787,61821,89.8,3841.592,101.2383,1110.0183,6.6466,0.82,1.78449E+11,6.5,35117636352,101.3084424,100.86,3.7,1.35
2016-09-01,6637000,0,4.31,184.052,12903.5,59.8,219736,121.5131,4.8,74.9346,102.0477,186.9,241.051,1063,569,0.4,1.35,18.032,60102,91.2,3750.02,101.7843,1108.3638,6.6702,0.86,1.71857E+11,12.4,34262250874,102.2085174,101.46,3.9,1.34
2016-10-01,6610700,0,4.38,184.134,12944.5,59.7,231303,122.6436,4.7,75.0413,102.2485,186.7,241.691,1325,580,0.4,1.25,17.98,60055,87.2,3587.953,103.9075,1128.166,6.7303,0.92,1.78258E+11,10.2,35086922427,101.0084174,101.6,3.8,1.35
2016-11-01,5669300,0,4.71,184.355,12980.5,59.8,219574,125.5546,4.4,74.8585,102.0507,186.3,242.029,1150,571,0.41,1.69,17.819,60578,93.8,3651.992,108.443,1162.708,6.8402,1.16,1.77218E+11,9.6,36360376254,105.1087591,101.45,3.6,1.42
2016-12-01,8195900,0,4.83,184.532,13043.2,59.8,224108,127.5298,4.5,75.4682,102.9281,188.2,242.772,1287,560,0.54,1.65,18.243,60470,98.2,3558.89,115.9981,1183.07,6.9198,1.29,1.81259E+11,21.8,37082014261,104.6087174,101.56,3.5,1.54
2017-01-01,7128900,0,4.66,184.782,13098.6,59.9,223049,127.3608,5.1,75.5192,103.0366,190.7,243.78,1221,591,0.65,1.76,17.678,62355,98.5,3609.684,114.8721,1179.1074,6.8907,1.22,1.80952E+11,26,37342397822,106.7088924,102.64,3.6,1.5
2017-02-01,8869800,0,4.64,185.147,13084.3,59.9,222023,125.5663,4.9,75.2098,102.6479,191.6,243.961,1292,603,0.66,1.52,17.651,62687,96.3,3764.189,112.9116,1140.4874,6.8694,1.22,1.81884E+11,37.8,39683794039,103.7086424,102.92,3.9,1.49
2017-03-01,7345700,0,4.68,186.654,13159.4,60.1,228253,125.0383,4.6,75.699,103.343,191.5,243.749,1179,627,0.79,1.69,17.13,63108,96.9,3871.646,112.9165,1133.8617,6.894,1.17,1.96803E+11,32.2,40378169492,106.2088507,102.85,3.6,1.48
2017-04-01,7028200,1,4.57,188.667,13204,60.2,228086,124.1198,4.1,76.3643,104.2721,193,244.051,1152,586,0.9,1.6,17.229,63572,97,3840.333,110.091,1134.1755,6.8876,1.06,1.87066E+11,22.5,38902759897,104.2086841,102.72,3.9,1.43
2017-05-01,7483800,0,4.55,190.675,13229.5,60,227201,123.6334,4.1,76.4548,104.4129,192.8,243.962,1124,604,0.91,1.43,17.2,63719,97.1,3793.773,112.2436,1125.1359,6.8843,1,1.84508E+11,34,38823945197,104.8087341,102.83,3.6,1.39
2017-06-01,6225600,0,4.37,192.418,13266.1,60.1,243829,122.018,4.5,76.5694,104.5849,193.6,244.182,1232,624,1.04,1.5,17.195,63456,95,3792.151,110.9141,1130.8464,6.8066,0.85,1.89197E+11,27.6,40419326441,103.5086257,102.61,3.8,1.38
2017-07-01,5724100,0,4.39,193.681,13292.1,60.1,224989,120.3483,4.6,76.5277,104.5427,193.5,244.39,1196,559,1.15,1.42,17.094,64123,93.4,3807.811,112.417,1131.746,6.7694,0.95,1.88275E+11,22.3,39391997445,104.7087257,102.78,3.5,1.39
2017-08-01,5594200,0,4.31,194.529,13339.1,60.1,229906,119.0332,4.5,76.1529,104.0475,193.8,245.297,1167,565,1.16,1.39,16.867,64555,96.8,3927.491,109.827,1130.27,6.667,0.87,1.87717E+11,22.8,40570007995,104.8087341,103.37,3.7,1.39
2017-09-01,5051400,1,4.3,195.001,13446.1,60.4,242818,117.9039,4.1,76.1375,104.0502,194.8,246.418,1163,642,1.15,1.18,18.514,68024,95.1,3885.901,110.776,1131.599,6.569,0.82,1.87032E+11,24.2,42966405642,105.8088174,103.49,3.6,1.38
2017-10-01,7083100,0,4.32,195.264,13505.5,60.2,235856,120.0242,3.9,77.2684,105.6287,194.9,246.587,1261,631,1.15,1.6,18.301,67140,100.7,3849.992,112.9148,1130.8838,6.6254,0.81,1.87254E+11,26.6,37070854143,106.2088507,103.39,3.6,1.38
2017-11-01,5966800,0,4.27,195.627,13598.5,60.1,238976,120.2491,3.9,77.6484,106.193,195.9,247.332,1299,715,1.16,1.43,17.952,65101,98.5,3928.867,112.819,1099.7945,6.62,0.65,1.98835E+11,23.9,41012025568,105.6088007,102.62,3.7,1.45
2017-12-01,8253400,1,4.22,196.036,13633.6,60.2,245755,119.9313,3.9,77.8571,106.536,196.3,247.901,1219,656,1.3,1.53,17.802,66707,95.9,3877.107,112.9405,1082.902,6.5932,0.56,2.05449E+11,27.8,43068923692,103.9086591,102.99,3.7,1.66
2018-01-01,7281100,0,4.26,196.324,13662.6,60.2,236368,117.1935,4.5,77.6079,106.2655,197.9,248.884,1335,628,1.41,1.56,17.541,66237,95.7,3841.419,110.871,1065.641,6.4233,0.55,1.95936E+11,24.8,44445812768,104.9087424,103.42,3.6,1.66
2018-02-01,8078900,1,4.51,197.125,13645.9,60.4,248330,117.5502,4.4,77.8178,106.6419,199.3,249.369,1295,644,1.42,1.6,17.393,67522,99.7,3873.433,107.97,1078.4747,6.3183,0.68,2.62639E+11,28.1,45735023087,105.4087841,104.21,3.6,1.65
2018-03-01,10439800,0,4.64,198.798,13730.3,60.4,251696,118.0646,4.1,78.1856,107.2519,199.3,249.498,1332,654,1.51,1.62,17.708,66828,101.4,3817.473,106.0468,1069.9418,6.3174,0.56,1.91897E+11,23.8,43522118965,104.2086841,104.1,4,1.65
2018-04-01,12820500,0,4.67,200.847,13805.2,60.3,248509,118.1483,3.7,78.8045,108.2223,200.3,249.956,1267,629,1.69,1.6,17.648,67882,98.8,3743.678,107.6562,1068.0452,6.2967,0.49,2.03983E+11,23.4,43813688548,106.8089007,104.29,3.8,1.65
2018-05-01,9450900,0,4.83,202.704,13880.6,60.4,250389,121.4302,3.6,78.0794,107.3639,203.2,250.646,1332,650,1.7,1.58,17.655,68034,98,3692.236,109.6882,1076.6595,6.3701,0.47,2.05116E+11,32.3,43937795120,106.9089091,104.34,4,1.65
2018-06-01,7509300,0,4.83,204.314,13941,60.4,250063,123.4234,4.2,78.5531,108.1707,204.2,251.134,1180,618,1.82,1.52,17.71,68784,98.2,3671.801,110.0638,1094.3552,6.4651,0.38,2.09915E+11,20.8,45846449012,107.1089257,104.13,3.7,1.65
2018-07-01,6204500,0,4.79,205.233,14008.4,60.5,247899,124.0589,4.1,78.7794,108.652,204.3,251.597,1184,609,1.91,1.34,17.21,69973,97.9,3635.381,111.521,1122.2029,6.7164,0.28,2.06195E+11,24.3,44838503174,108.0090008,103.93,3.8,1.65
2018-08-01,5433100,0,4.77,205.605,14062.6,60.3,258372,125.334,3.9,79.281,109.5246,203.4,251.879,1279,604,1.91,1.52,17.197,69477,96.2,3602.172,110.9965,1120.427,6.8453,0.25,2.0512E+11,13,44384388320,108.7090591,104.85,4.1,1.65
2018-09-01,7022100,0,4.88,205.644,14080.4,60.4,262205,126.0398,3.6,79.2538,109.6749,203.6,252.01,1236,607,1.95,1.38,17.966,69184,100.1,3572.001,112.0974,1119.82,6.8551,0.23,2.15502E+11,21.4,43221745618,106.6088841,105.65,4,1.65
2018-10-01,6978800,1,5.07,205.628,14168.9,60.6,250552,126.8761,3.5,79.2889,109.9165,204.6,252.794,1211,557,2.19,1.47,18.102,69904,98.6,3540.181,112.7218,1131.615,6.9191,0.29,2.11828E+11,19.7,46440664089,108.3090258,105.46,3.9,1.68
2018-11-01,7631800,0,5.22,205.38,14238.9,60.6,251931,128.2981,3.5,79.5725,110.5067,202.3,252.76,1202,615,2.2,1.12,17.94,69052,97.5,3495.555,113.338,1125.345,6.9367,0.26,2.08256E+11,11.9,45687071257,105.6088007,104.71,3.8,1.71
2018-12-01,9455200,1,5.13,204.971,14157.4,60.6,254801,128.5202,3.7,79.4625,110.5516,201,252.723,1142,564,2.27,1.14,18.003,67964,98.3,3420.014,112.1994,1122.4244,6.8837,0.15,1.9854E+11,9.1,43557755773,104.8087341,104.35,3.8,1.91
2019-01-01,6882500,0,5.12,204.487,14205.1,60.7,256134,126.7306,4.4,78.9899,110.0907,199.1,252.673,1291,644,2.4,1.11,17.221,68935,91.2,3357.108,108.9605,1120.33,6.7863,0.17,2.12829E+11,17,43700971733,105.0087507,104.24,4.4,1.87
2019-02-01,6458000,0,4.95,204.748,14181.7,60.7,249569,126.8096,4.1,78.4067,109.4709,199.2,253.113,1149,669,2.4,1.18,16.887,69166,93.8,3368.187,110.44,1121.8333,6.7367,0.18,2.08267E+11,-4.1,40004002884,101.1084257,104.69,3.7,1.87
2019-03-01,9164500,1,4.84,206.056,14329.2,60.6,253834,127.2096,3.9,78.3613,109.5985,201.1,254.148,1199,705,2.41,1.26,17.864,69396,98.4,3396.071,111.1443,1131.6005,6.7119,0.16,2.21358E+11,13.7,41533432549,103.2086007,104.49,3.8,1.9
2019-04-01,11243200,0,4.7,207.97,14408.7,60.6,246609,127.3554,3.3,77.9181,109.1657,202.1,254.958,1281,679,2.42,1.36,16.918,68629,97.2,3303.084,111.6414,1142.165,6.7161,0.19,1.94003E+11,8.5,43976872618,104.9087424,104.87,4.1,1.86
